num_steps,num_episodes,rew_mean,rew_std,entropy
10000,160,0.33962264150943394,0.7078196540306128,2.7027806628654463
20000,152,0.36423841059602646,0.8494910335065755,2.693287987889402
30000,141,0.37857142857142856,1.0919697611123091,2.6790705374808756
40000,145,0.3819444444444444,0.8659975604419206,2.6675082120093174
50000,130,1.0232558139534884,1.5525179162559302,2.6531118586534292
60000,127,1.4365079365079365,1.4773207824915535,2.630779209209344
70000,122,2.1487603305785123,1.8660124853417062,2.599690329139119
80000,124,3.186991869918699,2.40037122297031,2.564590394124916
90000,119,3.8813559322033897,2.460430896275318,2.550429808344219
100000,111,4.918181818181818,2.468462230848179,2.5290633916112104
110000,104,5.679611650485437,2.756153194528368,2.4994471603110706
120000,99,6.438775510204081,2.7407221100100987,2.4669826812363267
130000,95,7.148936170212766,2.396617504736804,2.4480466110757115
140000,104,6.446601941747573,2.7046459680378527,2.439133355528207
150000,91,7.388888888888889,2.811462428639999,2.4247269246498626
160000,87,7.77906976744186,2.8011673762114087,2.408882385668222
170000,89,8.102272727272727,2.5938729060793557,2.414248893222454
180000,85,8.535714285714286,2.1791568300138286,2.3891882888396503
190000,86,8.68235294117647,2.666620530166059,2.3457256778499262
200000,80,9.468354430379748,2.7320666959906252,2.349321913557958
210000,83,9.585365853658537,2.2521058953148887,2.3201539782601484
220000,75,10.04054054054054,2.152554668227457,2.3065824053215254
230000,77,10.0,2.17037469479108,2.27202359134026
240000,78,10.12987012987013,2.6597072846981877,2.2882443516771613
250000,73,10.48611111111111,2.8674081190140432,2.2692602376699926
260000,75,10.64864864864865,1.884735499633637,2.2334813001172735
270000,69,10.867647058823529,2.1754270153149102,2.1979355882866956
280000,71,11.271428571428572,2.518057236223585,2.1784198262215955
290000,57,13.160714285714286,3.735815008202387,2.1707583739024408
300000,58,12.947368421052632,3.5064904863599153,2.145074259689076
310000,62,12.557377049180328,3.1856470643324024,2.0997740023946068
320000,59,13.068965517241379,3.387920066666462,2.093958120607007
330000,53,14.442307692307692,4.486790276160511,2.092992673236058
340000,57,13.75,4.645466299830098,2.0637347892552382
350000,55,14.277777777777779,4.49038753861107,2.0689452751646096
360000,51,15.66,5.777923502435802,2.070793705129243
370000,48,16.23404255319149,5.450796412461589,2.078834793326563
380000,46,17.133333333333333,5.294021785624486,2.0863083429629454
390000,44,17.651162790697676,6.1109270066394945,2.1017069360224343
400000,46,17.044444444444444,5.291315969714719,2.06365797767154
410000,44,18.441860465116278,7.304991366473403,2.089546034175669
420000,49,16.958333333333332,7.905584348350783,2.068804401352672
430000,46,18.044444444444444,6.985558294893689,2.0225378253252195
440000,39,20.263157894736842,6.788861661521744,1.995422073610585
450000,41,20.3,6.768308503607086,1.9861936904373063
460000,42,19.048780487804876,7.251412711856088,2.0044224391304333
470000,43,18.857142857142858,6.777313095107504,1.971485620129263
480000,37,23.0,8.175165645620481,1.9782245098141176
490000,38,22.27027027027027,8.346057974321635,2.0071527718645217
500000,42,20.48780487804878,9.165475919993256,1.998610903979579
510000,40,22.28205128205128,8.476055922265386,1.99468002082721
520000,41,21.875,9.154746036892558,1.977835277000461
530000,35,25.970588235294116,9.565518017760295,1.9814669082266836
540000,38,22.7027027027027,9.357364103510582,2.014433667667881
550000,40,22.666666666666668,9.78573879483219,1.9867681227739944
560000,40,23.41025641025641,10.297418020211268,2.0022181986208962
570000,46,19.866666666666667,10.309865825185764,1.985081663475128
580000,34,27.696969696969695,8.93913713036361,1.9747562409263482
590000,40,22.897435897435898,11.550990348916523,1.9710928147884645
600000,33,28.75,8.329165624478842,1.9006119152283416
610000,37,26.055555555555557,10.964448723144686,1.8932367870530098
620000,32,29.06451612903226,11.407228845217372,1.9017417585112686
630000,36,26.885714285714286,9.638528128806593,1.8950868881275142
640000,35,27.61764705882353,11.061365477569833,1.885581021743816
650000,32,30.161290322580644,9.814724863261285,1.8882694864967162
660000,33,27.90625,10.235841975016028,1.8882505185911618
670000,33,28.40625,9.82935455345365,1.8813958942250797
680000,33,28.3125,11.80422990923169,1.8688474960563954
690000,31,30.333333333333332,10.380537344258993,1.851834601230711
700000,29,32.285714285714285,11.23087944291205,1.8317125864655128
710000,30,31.96551724137931,9.334706314279023,1.826152655538519
720000,30,32.37931034482759,8.376542752824282,1.819185370032323
730000,28,34.925925925925924,9.301238172956792,1.8541158721387225
740000,27,34.69230769230769,10.939586656406071,1.8399711438362443
750000,30,31.03448275862069,13.076651365673015,1.8336348538772538
760000,27,36.69230769230769,7.446058486356961,1.8133889268601593
770000,31,29.666666666666668,13.379918617922241,1.8090080782603433
780000,30,33.10344827586207,10.949239707776933,1.7885605467924277
790000,30,32.3448275862069,11.531892395077781,1.8347471517139748
800000,33,27.3125,11.367270725640346,1.7938395974383792
810000,31,31.033333333333335,14.152698996618591,1.808497033612893
820000,29,33.75,10.459530855362765,1.7962101823777215
830000,30,30.413793103448278,12.745566481043952,1.7726871305909482
840000,26,37.44,7.9853866531308295,1.7461686864642185
850000,31,30.3,13.957435294494472,1.789881813088723
860000,25,36.416666666666664,13.120964988224847,1.8094045233717333
870000,30,32.275862068965516,14.359657453709387,1.7822152848748443
880000,28,33.51851851851852,15.149551687219367,1.7688174340686127
890000,26,37.08,12.547254679809445,1.7895110107380752
900000,31,31.1,14.218180849414832,1.805162382865758
910000,27,35.46153846153846,11.910663513232326,1.8097345811870171
920000,24,40.65217391304348,11.686516554865507,1.8270421196618587
930000,29,33.285714285714285,10.116666386488694,1.8251495942539362
940000,25,37.333333333333336,11.823939933691964,1.8348565036580389
950000,30,31.20689655172414,12.468938815961648,1.8260554142066885
960000,33,29.46875,11.77121588611389,1.8204315125827655
970000,33,30.0625,11.567566457557096,1.8067217175966972
980000,28,34.96296296296296,10.959458899462083,1.8353300766183152
990000,32,31.06451612903226,13.435474189672384,1.8235571128121002
1000000,30,32.58620689655172,11.675253054569238,1.8040267953530056
1010000,33,29.15625,13.54416243026862,1.7866490204662333
1020000,29,33.17857142857143,11.871495186335363,1.8105793840809798
1030000,26,36.72,10.757397454775017,1.8397204197913022
1040000,29,34.285714285714285,15.245273606824469,1.8331653131403942
1050000,27,34.61538461538461,12.985426514949284,1.8363167889907832
1060000,31,32.06666666666667,14.56464516865718,1.8482095339499796
1070000,26,38.08,11.68219157521396,1.8322747148073018
1080000,27,36.65384615384615,14.438043516755169,1.8366319614958524
1090000,27,37.80769230769231,15.165799658769755,1.8526466802620656
1100000,28,36.370370370370374,12.626099213308411,1.8227326768243441
1110000,27,37.76923076923077,11.530253490801066,1.818390974951272
1120000,27,37.46153846153846,11.18801133504682,1.8058962288207825
1130000,27,38.5,9.11992746259952,1.781080333915526
1140000,26,38.84,9.743428554672118,1.8131183753892743
1150000,24,43.34782608695652,12.088833135520149,1.8683376962685856
1160000,28,36.55555555555556,11.340956042178158,1.8308248247205279
1170000,26,39.12,8.891883939863362,1.824155419818199
1180000,25,40.875,12.96891315158419,1.851064514928468
1190000,28,37.48148148148148,14.665076606662739,1.8285119321020074
1200000,26,39.28,12.698094345215742,1.834400203642827
1210000,25,42.291666666666664,10.604555493853677,1.836462076932721
1220000,24,42.08695652173913,9.52759399108606,1.847598902927961
1230000,27,39.07692307692308,12.996813446507323,1.8226862714107535
1240000,26,38.96,11.803321566406638,1.8167061711980708
1250000,27,38.26923076923077,12.78989292162939,1.7930390882263663
1260000,27,38.34615384615385,12.334885823712503,1.7908926959088887
1270000,25,41.625,13.202943169359374,1.813004196507437
1280000,26,40.76,12.054144515476825,1.7959993039154543
1290000,26,41.16,10.857918769266972,1.7983678581635716
1300000,25,43.375,10.695842260741632,1.801970948846238
1310000,24,44.82608695652174,14.19630133677827,1.778291431318698
1320000,30,34.6551724137931,14.770137304871483,1.7591373284972527
1330000,27,39.73076923076923,11.07164671341827,1.7776151749938864
1340000,26,42.68,9.06297964247962,1.7709344255651636
1350000,25,43.083333333333336,8.366185245113543,1.7824217100537423
1360000,24,44.52173913043478,7.603600778677974,1.7808820974885937
1370000,27,40.53846153846154,12.432063908207336,1.781051704833225
1380000,26,40.92,12.508940802482039,1.791712128767382
1390000,23,47.0,12.139342501290438,1.8057876439953255
1400000,26,41.32,11.888549112486352,1.786386816957149
1410000,27,40.30769230769231,7.19919456375947,1.7471189348921468
1420000,24,45.08695652173913,11.761813833345755,1.759661296457765
1430000,27,40.15384615384615,14.506476823215388,1.7559704822135689
1440000,25,43.375,10.519079886884912,1.7406279815954229
1450000,25,45.208333333333336,9.451539410181931,1.7296625024440364
1460000,24,45.130434782608695,8.573489715274674,1.7191560819496863
1470000,26,41.16,13.183868931387327,1.725348412922627
1480000,25,45.083333333333336,9.806106374204914,1.7336860310710522
1490000,24,44.34782608695652,7.838637279817,1.7168987331579935
1500000,25,42.625,12.103072956898178,1.7170355816346121
1510000,24,47.17391304347826,10.606200704481454,1.7391630000194593
1520000,25,44.125,13.07450604548154,1.7384776569959965
1530000,24,46.391304347826086,12.398243670970645,1.7394708776116128
1540000,25,44.375,14.094362052489878,1.7531693836068891
1550000,24,45.30434782608695,14.552557768933523,1.7409327307018927
1560000,23,47.22727272727273,13.273116432651028,1.7442544241053184
1570000,24,45.69565217391305,13.165946795025864,1.738596207154015
1580000,23,45.54545454545455,14.421345520150686,1.758648777408222
1590000,24,46.26086956521739,10.476546856023937,1.7692232309561091
1600000,22,50.666666666666664,9.120011138951705,1.76985200563531
1610000,25,43.458333333333336,10.645731408514035,1.787761545794754
1620000,25,42.708333333333336,17.465392367638223,1.767986893665794
1630000,23,49.31818181818182,13.438027329649122,1.7430377495945388
1640000,27,41.03846153846154,13.494958515143487,1.7378316586672626
1650000,25,43.916666666666664,9.451263877857231,1.7536731891781754
1660000,23,47.5,6.713283981642801,1.735683038282839
1670000,24,44.34782608695652,16.75295871507134,1.7461004341526958
1680000,26,40.28,17.546555217477874,1.7269428177071935
1690000,25,44.666666666666664,10.39898499320433,1.7173566270068514
1700000,22,51.23809523809524,10.155480631071706,1.705589898547942
1710000,24,44.73913043478261,7.764004968886858,1.729065308273843
1720000,23,48.77272727272727,11.567712974960711,1.7453309384815363
1730000,24,47.34782608695652,16.260404550430696,1.7161291409321693
1740000,31,34.5,17.079715063977698,1.7579262795830455
1750000,28,38.48148148148148,18.178885534781667,1.736549139394504
1760000,24,46.21739130434783,14.545151655206894,1.7338210057253305
1770000,22,50.095238095238095,12.347757698521862,1.7402223915025956
1780000,31,33.8,17.900465543294306,1.759220740510398
1790000,25,43.625,16.0722651898646,1.7444336047582634
1800000,23,46.0,12.291904209312285,1.7345205475407675
1810000,23,47.40909090909091,8.716020207896653,1.7303165872744213
1820000,24,45.391304347826086,13.905704586169202,1.703660477591749
1830000,25,43.208333333333336,15.55093557385607,1.7132060645841685
1840000,24,45.21739130434783,15.734085187037975,1.6995329274657627
1850000,20,56.526315789473685,10.7280665892034,1.6495550287147278
1860000,24,46.17391304347826,15.153281102333962,1.7271113716101667
1870000,24,43.0,17.57963248366898,1.7211222192247453
1880000,22,48.142857142857146,15.015185057565063,1.6450267320432674
1890000,27,38.65384615384615,18.00842176421548,1.7028332601648428
1900000,25,42.166666666666664,14.337208778404376,1.7129608721453082
1910000,24,45.56521739130435,13.43851080956621,1.6680782140022907
1920000,24,45.08695652173913,13.567586192284395,1.6429927304881127
1930000,26,43.68,22.804771430558123,1.6323247453644245
1940000,27,40.92307692307692,20.89704262647096,1.6859261826145044
1950000,21,55.0,14.570518178843194,1.639894168262024
1960000,25,43.666666666666664,19.972202905260325,1.6646678987529322
1970000,24,43.56521739130435,15.009637735559808,1.7178223833940662
1980000,27,39.61538461538461,16.788450524271653,1.6807823362426093
1990000,26,41.24,17.947211482567425,1.6690341189204068
2000000,25,44.166666666666664,14.687485224578857,1.6568075802779818
2010000,21,55.0,13.67845020461017,1.6309561367767627
2020000,27,38.23076923076923,21.648072737646597,1.6852576685692955
2030000,25,45.083333333333336,17.392327491039133,1.6641524263009217
2040000,23,45.86363636363637,14.492303457495368,1.6719509036735747
2050000,26,40.44,17.924463729774455,1.6924231759271886
2060000,25,40.75,15.631831839764226,1.7030306979459056
2070000,23,46.13636363636363,17.334399469225282,1.6431004426757896
2080000,26,41.96,17.084449069255935,1.6310565808140776
2090000,23,47.27272727272727,15.24402064054153,1.603386986663659
2100000,22,49.666666666666664,18.158910533014687,1.5963965065212076
2110000,22,48.857142857142854,18.408811850347558,1.579402535445899
2120000,27,39.46153846153846,18.341274951973904,1.6586959969716721
2130000,27,40.76923076923077,21.34029718686384,1.6511105252277416
2140000,26,41.4,22.32129028528593,1.6611941351092514
2150000,26,39.4,19.264475077198444,1.6972697202096256
2160000,25,40.041666666666664,18.127969105470388,1.697765542646603
2170000,23,44.63636363636363,18.77509340140296,1.6462139568707068
2180000,25,41.458333333333336,18.08770108542143,1.6851554967192846
2190000,29,36.535714285714285,18.785408742762375,1.7013168465364543
2200000,26,40.92,20.74592972127304,1.6667549339511682
2210000,28,37.18518518518518,19.650722420114054,1.6887530335990406
2220000,25,41.458333333333336,14.882817740229466,1.703127818411031
2230000,29,35.25,20.355106414432157,1.6951607998079765
2240000,28,37.111111111111114,20.035770480953115,1.692465574794492
2250000,27,39.38461538461539,15.672310033149163,1.7047475914102055
2260000,23,46.13636363636363,19.217169062503963,1.6555342444721046
2270000,27,38.26923076923077,19.262473865220013,1.775983719034951
2280000,26,37.76,17.88916990807567,1.749944732228537
2290000,27,36.57692307692308,20.66616163409138,1.7573596134072949
2300000,25,41.833333333333336,17.78029496068299,1.7567732150579864
2310000,22,47.857142857142854,13.912261513074114,1.758191542586885
2320000,27,39.03846153846154,18.8220017925642,1.7662694549154025
2330000,28,37.51851851851852,19.68148287542336,1.7657134047450003
2340000,27,35.61538461538461,18.586754843740255,1.7407256214463065
2350000,30,36.06896551724138,22.372907005915945,1.7047880459993565
2360000,30,33.58620689655172,19.825996937805762,1.7415833326573011
2370000,27,38.57692307692308,21.25155754820931,1.7124437286646863
2380000,22,48.714285714285715,16.481281899816665,1.6940660518454236
2390000,27,39.15384615384615,21.034207135580015,1.7495790912820173
2400000,36,28.742857142857144,20.674819546136455,1.8317642431851062
2410000,30,34.89655172413793,22.268494564706415,1.8192771371612315
2420000,38,26.56756756756757,20.464260923970684,1.8855462073611666
2430000,29,36.964285714285715,21.75920518318814,1.8117264601102063
2440000,39,26.31578947368421,18.131254293938632,1.9190880973205757
2450000,29,34.714285714285715,16.424844297711978,1.8807671875056624
2460000,29,35.142857142857146,20.364033921377672,1.8038316551245217
2470000,24,42.391304347826086,15.887482440546608,1.7870448145132176
2480000,31,33.1,18.428872275137547,1.8601117117674992
2490000,34,29.09090909090909,19.275299999809203,1.8641919594476275
2500000,30,36.172413793103445,16.646567349409622,1.8608779188121487
2510000,33,30.25,20.858151883616152,1.8575343282266057
2520000,30,34.6551724137931,19.2663291460355,1.8537358713206857
2530000,26,40.36,16.277297072917236,1.8651265129321153
2540000,28,35.81481481481482,17.67827089968766,1.8446928288475848
2550000,23,43.95454545454545,14.021014334747917,1.7814191881190065
2560000,24,42.52173913043478,14.796796260816766,1.797210610255123
2570000,29,33.67857142857143,16.4556841491421,1.8475453011457939
2580000,24,40.82608695652174,15.22769837275381,1.7690552141153537
2590000,27,38.07692307692308,17.237979260751036,1.7717852903857432
2600000,28,36.81481481481482,18.911170590787197,1.7904244259289432
2610000,30,32.55172413793103,19.437940516168553,1.8161464799007205
2620000,29,34.5,16.64438987424034,1.8050515334832709
2630000,27,38.53846153846154,17.011830203241075,1.7505492459486778
2640000,24,43.391304347826086,11.91542343729257,1.7097407130865798
2650000,31,33.43333333333333,16.56639838816982,1.874667055425646
2660000,30,33.793103448275865,16.822356451327067,1.799921538987307
2670000,29,36.07142857142857,15.716071327121918,1.815198405040563
2680000,25,41.791666666666664,14.665660476849387,1.7525378589350293
2690000,21,49.6,9.687104830649869,1.7204829382618845
2700000,27,39.5,16.84830509622213,1.728754103218017
2710000,27,38.15384615384615,19.443591603350185,1.7097699580143289
2720000,26,41.68,17.03812196223516,1.7063080658052128
2730000,26,41.36,20.653096620119705,1.6718066803625355
2740000,22,46.42857142857143,13.933759717461243,1.6832795244532652
2750000,24,42.82608695652174,15.527401232528154,1.7327310374377467
2760000,22,46.285714285714285,15.059067374976502,1.6714058594853352
2770000,24,42.608695652173914,18.672786826392414,1.6618024711435617
2780000,29,35.142857142857146,18.948641650740118,1.7330638356684467
2790000,31,30.3,20.12651650600935,1.7057489598363376
2800000,35,28.0,19.76181701576821,1.739533214515372
2810000,29,33.964285714285715,19.505461035414715,1.7282334043873882
2820000,26,40.44,18.334841150116354,1.7361937580394429
2830000,30,35.41379310344828,21.43557668180009,1.724908354981043
2840000,25,41.416666666666664,18.986654669940027,1.7251090557162643
2850000,27,39.23076923076923,21.365514435664583,1.706985021849005
2860000,25,41.5,18.865753805948668,1.7335283013563363
2870000,26,40.96,17.626071598629117,1.7647229010212087
2880000,25,41.416666666666664,15.668218008298057,1.7646753754950837
2890000,24,40.56521739130435,17.267275122906113,1.7612581501842386
2900000,22,45.666666666666664,12.1472447721924,1.7807294019335531
2910000,28,37.03703703703704,18.22794249269914,1.781507783189543
2920000,22,44.523809523809526,13.34744151556162,1.7518294606233713
2930000,25,41.708333333333336,15.498599847154654,1.7531553445446706
2940000,23,45.77272727272727,12.376413851948824,1.7491727312342755
2950000,27,39.5,15.217019823463868,1.803758175787688
2960000,27,37.61538461538461,17.389379878085897,1.7872198056106823
2970000,23,44.0,14.557097612817293,1.7739572387913505
2980000,23,44.81818181818182,15.275162143571395,1.7653477332561884
2990000,26,39.2,14.3024473430249,1.8128847393524783
3000000,25,40.875,17.244111313720982,1.7365964710141073
3010000,31,32.36666666666667,19.51663108451069,1.7623166449441705
3020000,24,43.869565217391305,15.189539729770239,1.7695603024185778
3030000,25,41.458333333333336,15.18491347430805,1.749843096913079
3040000,24,42.69565217391305,15.066330970826817,1.756363339696225
3050000,27,37.07692307692308,16.045423687200508,1.769822544973057
3060000,25,41.083333333333336,17.387535446085764,1.7682578935730795
3070000,23,44.31818181818182,12.807619761959758,1.7928056044132732
3080000,24,41.391304347826086,16.28212978920724,1.7774568886957918
3090000,24,43.30434782608695,15.369180857379588,1.8077605109652206
3100000,20,51.10526315789474,4.64412177230648,1.7826686456407423
3110000,26,38.92,16.65873944810951,1.87497147835902
3120000,32,32.87096774193548,16.66315606454004,1.9249510188959
3130000,26,39.96,16.90793896369395,1.8817218369355588
3140000,26,38.8,16.00249980471801,1.8641422242330934
3150000,25,40.958333333333336,15.68034642120157,1.899234000150599
3160000,26,39.76,17.514062920978674,1.9432740711573617
3170000,28,34.925925925925924,17.55610250749785,1.99053791734083
3180000,26,39.56,14.69171194925901,1.9873548025383032
3190000,25,40.625,15.054934130266616,1.9711417145653496
3200000,29,34.785714285714285,16.248861812572645,1.9806100191122433
3210000,23,45.13636363636363,9.081927381270877,1.9465038446679395
3220000,23,44.81818181818182,13.779551264749198,1.9083852095460447
3230000,26,40.44,12.43569057189829,1.9835348913820205
3240000,27,38.73076923076923,16.479725754597542,1.9344248494582157
3250000,26,40.48,12.303235346850844,1.9382336906068216
3260000,30,34.0,15.74363582421536,1.918466614114151
3270000,25,38.916666666666664,16.792648854649332,1.8854775132855683
3280000,29,35.714285714285715,19.885129301740506,1.8650347534707234
3290000,29,35.0,17.525491637693282,1.9491514324504078
3300000,26,40.72,13.153007260698976,1.9492255113541186
3310000,27,38.53846153846154,14.713235196272384,1.9659068722618114
3320000,30,35.206896551724135,15.912214589026553,1.9508272414359875
3330000,24,43.0,15.970080721801928,1.9126307901952488
3340000,26,39.6,17.401149387324963,1.9320268235906701
3350000,27,38.03846153846154,16.19230769230769,1.9800372799503672
3360000,27,37.03846153846154,17.56412595918337,1.9893410056151994
3370000,26,39.96,13.447616889248444,2.00362308396269
3380000,23,44.90909090909091,12.445916054926652,1.9395621345773943
3390000,28,36.48148148148148,16.75834865543334,1.97174947346898
3400000,27,39.84615384615385,15.175111982079047,1.9536234645447854
3410000,26,41.24,13.541875793257002,1.9649631907135372
3420000,25,40.625,15.282922113697149,1.922551374880162
3430000,22,44.333333333333336,12.468372686935432,1.8671966364565389
3440000,27,35.15384615384615,17.712864311854748,1.8816471758344924
3450000,28,35.851851851851855,15.242979449457073,1.9241293126847758
3460000,25,38.833333333333336,16.123654121266128,1.908130871722366
3470000,28,34.96296296296296,18.87479503245391,1.9757664901473213
3480000,28,35.77777777777778,16.38728805741033,1.9715006900259977
3490000,31,32.833333333333336,17.785918275109918,1.971854908746402
3500000,27,38.53846153846154,14.264616712019583,1.9711508810212997
3510000,22,45.904761904761905,10.332126328453413,1.917449178633551
3520000,29,35.285714285714285,15.833637662667826,1.9926651719213768
3530000,26,36.56,15.997699834663733,1.974415373506113
3540000,27,38.15384615384615,15.37153289911709,1.9873496746148713
3550000,24,41.21739130434783,13.68260247854959,1.9886087990782937
3560000,30,33.86206896551724,17.7836114751389,1.9809167827385599
3570000,26,38.08,16.783134391406154,1.9473534396416814
3580000,28,35.851851851851855,17.42221592340526,1.9469484560155448
3590000,25,41.125,15.473936420101168,1.9289626210912443
3600000,28,36.7037037037037,17.642152415114612,1.9281564687290327
3610000,29,34.92857142857143,17.18788728691677,1.9686018568262695
3620000,23,42.09090909090909,13.564355330688963,1.959011134399877
3630000,29,34.285714285714285,21.578522958284807,1.9645494820439076
3640000,27,35.92307692307692,18.58850570591133,2.0012465530004375
3650000,27,37.26923076923077,17.524834449580606,2.0034257111541627
3660000,33,28.375,18.331581355682328,2.022883992590533
3670000,35,26.352941176470587,16.666066886555086,2.040258246455264
3680000,28,34.55555555555556,16.95600698394248,2.0098328115402078
3690000,25,38.708333333333336,17.65285427031246,1.9868647603560337
3700000,24,41.69565217391305,13.096414320451611,1.9848295311750843
3710000,28,35.51851851851852,17.438506499018878,2.0082470080789347
3720000,26,38.96,14.487180540049883,2.0038171595022436
3730000,26,37.64,17.197395151591998,2.0006514547106535
3740000,24,41.91304347826087,13.62833698578479,1.9953073512095816
3750000,26,37.08,15.80612539492206,2.021190766227769
3760000,35,27.91176470588235,19.17468865773594,2.03267820469287
3770000,29,33.57142857142857,16.815020010668547,2.0200449965409972
3780000,24,41.34782608695652,14.87515786003828,1.9983552529731554
3790000,32,31.29032258064516,20.215282542745687,2.0028659297989964
3800000,27,38.23076923076923,14.89787721664164,2.04117235370325
3810000,26,36.8,17.6022725805505,2.004739052187641
3820000,28,36.111111111111114,17.899582724979794,2.0007995355470682
3830000,28,36.370370370370374,16.447780776001924,2.028776011898961
3840000,29,35.5,16.517306940643458,2.038694388489565
3850000,24,44.08695652173913,14.291721664255306,1.991771158509708
3860000,30,34.689655172413794,16.412996213631445,2.0138768951476425
3870000,27,36.53846153846154,17.394143066496593,2.006386824089871
3880000,25,41.208333333333336,15.747960626344254,1.9444127606886978
3890000,26,39.92,14.770023696663454,1.9801820875199119
3900000,27,38.0,18.153194251658896,1.955707198522902
3910000,23,45.5,13.354434061049128,1.958002429616541
3920000,30,33.06896551724138,17.99603602805209,2.036632205892962
3930000,33,30.53125,18.57751391972295,2.007595835612193
3940000,29,34.82142857142857,18.2581754123394,2.00292008882661
3950000,30,34.37931034482759,17.68773935985904,1.9838928343674092
3960000,32,30.612903225806452,19.118775469214746,2.025137990241807
3970000,26,38.92,16.799809522729714,1.9710302828796058
3980000,27,37.23076923076923,17.93000856387391,1.982835495003924
3990000,28,35.148148148148145,17.692232452781003,1.9975277790870503
4000000,26,39.52,16.764533992926854,1.9952837038082614
4010000,30,33.06896551724138,19.17780871751795,2.002400188940222
4020000,31,32.96666666666667,18.46705775759155,1.9771733205098867
4030000,27,37.96153846153846,17.357066326983084,1.9847059910118388
4040000,24,44.26086956521739,13.731010258612335,1.9787740089118249
4050000,22,44.19047619047619,14.424248920345896,1.9299814889710516
4060000,27,37.46153846153846,18.493721947712146,1.9599903893263144
4070000,25,41.458333333333336,14.300288944244759,1.9956461478637397
4080000,32,31.06451612903226,19.032968822157613,2.009822728637451
4090000,29,33.67857142857143,17.667673408614654,2.0037775100367914
4100000,26,36.44,18.646350849428956,1.9840952381715797
4110000,34,27.727272727272727,17.9313044824065,2.0477765630418907
4120000,28,35.48148148148148,16.826721188435993,2.0402108081894377
4130000,28,35.22222222222222,18.888235282809386,2.0258245772440535
4140000,32,31.322580645161292,19.429586844633977,2.005057368370041
4150000,25,39.625,16.377862345251287,2.0023964961828256
4160000,34,29.454545454545453,18.87132008533281,2.0435376147128976
4170000,23,44.40909090909091,15.104662407557509,2.0009302432253433
4180000,28,35.74074074074074,17.257510641033292,2.050810565322218
4190000,25,40.916666666666664,14.7391673969582,2.0161072092689505
4200000,29,34.57142857142857,16.421737709138917,2.0749465909357845
4210000,27,36.26923076923077,18.21359950972327,2.030296713891122
4220000,26,38.12,18.186412510443066,2.0095512154855424
4230000,26,40.0,15.49451515859725,1.9933082096388728
4240000,25,40.125,16.4502089652381,2.018571543095169
4250000,27,36.30769230769231,18.07414053870938,1.9996391543808212
4260000,27,36.11538461538461,17.93648392582286,1.9958434405640124
4270000,27,36.96153846153846,18.92593005382739,1.9902244733309447
4280000,24,41.78260869565217,15.514247369936337,2.0116488167736963
4290000,23,44.5,11.272452342688426,2.0079464940636953
4300000,25,39.666666666666664,18.089284734953512,2.011873285893228
4310000,30,32.86206896551724,17.828153129116984,2.0381809631648657
4320000,27,37.76923076923077,16.33144134274011,2.0150048169349146
4330000,27,38.76923076923077,15.537319074527261,2.0498362702749384
4340000,24,40.65217391304348,14.784271006280477,2.0389640377272733
4350000,28,35.18518518518518,17.68874309760628,2.079477023533402
4360000,25,39.541666666666664,16.857192250062155,2.0760374846555822
4370000,31,32.7,18.83463122371482,2.077245327353159
4380000,25,41.666666666666664,18.32272420308242,2.0271637243391667
4390000,25,40.0,17.260262647673315,2.0300458260229166
4400000,27,35.57692307692308,18.134482828457536,2.0361850680810907
4410000,22,44.476190476190474,12.67776098460475,2.0406671899474387
4420000,26,36.84,18.299027296553223,2.037917574361085
4430000,29,33.964285714285715,18.713024766679688,2.059856540271793
4440000,26,37.8,17.176728442867113,2.0364268864948727
4450000,29,35.357142857142854,15.16861017673925,2.0943204503098753
4460000,24,41.56521739130435,16.59708221333555,2.0488209300399087
4470000,27,36.61538461538461,19.11921490799831,2.047152663349756
4480000,26,39.0,15.255163060419905,2.0937343294793234
4490000,27,36.5,16.357190844020018,2.0882593567566032
4500000,24,41.608695652173914,14.345849666245037,2.072628924890461
4510000,29,34.75,17.795715776557007,2.090031948912407
4520000,22,45.61904761904762,10.02604318513108,2.0613739431575593
4530000,24,44.91304347826087,9.903504182109796,2.070024957229654
4540000,25,40.75,17.256037590748733,2.039712745603883
4550000,28,36.148148148148145,15.272108937061036,2.043305800381413
4560000,24,40.30434782608695,16.588195862298395,2.0326265437009994
4570000,28,37.18518518518518,17.79936960397867,2.053364873213128
4580000,24,43.91304347826087,18.412927980747565,2.018663251671934
4590000,27,38.73076923076923,18.097083684113926,2.061833684620896
4600000,25,41.333333333333336,18.983911316925415,2.0478255065689726
4610000,26,39.72,20.332279754124965,2.0302618725547976
4620000,23,45.68181818181818,17.192457023718184,2.034077991348718
4630000,24,41.82608695652174,19.089382830830434,2.0263764800234765
4640000,25,44.75,19.466317063070765,2.03592611691187
4650000,22,48.333333333333336,16.83345120185042,2.012210713758628
4660000,23,47.18181818181818,16.58212719010321,2.021217103614044
4670000,21,51.65,14.100620553720322,1.9955446015572125
4680000,24,45.52173913043478,18.208620904294065,1.9977324639585121
4690000,27,41.30769230769231,19.989938297455915,1.9999859602191743
4700000,25,43.25,19.031224343168255,1.98594493243248
4710000,27,41.61538461538461,21.449541725563424,1.9770800353330937
4720000,21,52.65,16.526569516992932,1.9795319027458562
4730000,22,50.04761904761905,18.28211770185279,1.9483192940933851
4740000,24,45.391304347826086,18.867361121523622,1.957931063847122
4750000,24,47.34782608695652,20.18093955595375,1.9246610888685063
4760000,24,46.73913043478261,18.34741396611131,1.9718672283927716
4770000,23,48.72727272727273,18.367911293591774,1.9336509950939544
4780000,23,48.68181818181818,14.93740382589462,1.96994699396006
4790000,25,43.958333333333336,20.24738494774627,1.9558272561208339
4800000,23,49.5,18.463108179187046,1.9215561369655938
4810000,25,43.75,21.47527648250425,1.9298680235434114
4820000,22,51.857142857142854,16.96855835918643,1.93224228265093
4830000,25,43.958333333333336,20.193809213606915,1.9575264340036382
4840000,24,46.65217391304348,18.09782282282253,1.9506954214418408
4850000,25,44.208333333333336,22.531420961749298,1.9426755310125154
4860000,22,51.333333333333336,18.341556597320153,1.9320671024340133
4870000,24,46.65217391304348,19.38311388734417,1.9404721354500354
4880000,22,51.666666666666664,19.737161790783283,1.9134030132533633
4890000,25,44.375,19.82173155066597,1.9361819209530917
4900000,24,47.91304347826087,18.876977105730766,1.9343216658547222
4910000,23,48.90909090909091,18.992604041164626,1.9326255683673284
4920000,23,47.63636363636363,18.81862098740948,1.9552554277510494
4930000,21,54.6,13.173458164050928,1.919397431630069
4940000,25,44.625,18.01807541516759,1.950618386054955
4950000,24,45.08695652173913,18.24688905820544,1.9620981715552832
4960000,23,50.31818181818182,17.279484324261436,1.9150725327756402
4970000,22,52.0,11.54288071661902,1.9342496432746341
4980000,24,47.391304347826086,18.129339973200736,1.9409235749733131
4990000,24,46.34782608695652,21.109669524841337,1.9245414134892067
5000000,22,50.38095238095238,18.406717693163756,1.8990074679305056
5010000,24,45.0,20.77414781384075,1.915051019306207
